cell,moleculecnt,barcode_moleculecnt,barcodes,barcodereads_split,barcodecnt,readcnt,lineage
bc0658,391,15,"GCGATTAGTCT,TGAGTGCGGAC","[7, 8]",2,6074,0
bc0210,230,63,TGAGTGCGGAC,[63],1,98939,0
bc0801,382,57,GCGATTAGTCT,[57],1,3033,0
bc0074,2595,536,"GCGATTAGTCT,TGAGTGCGGAC","[247, 289]",2,555809,0
bc0902,509,90,"GCGATTAGTCT,TGAGTGCGGAC","[57, 33]",2,2155,0
bc0090,1500,273,GCGATTAGTCT,[273],1,464122,0
bc0818,178,63,GCGATTAGTCT,[63],1,2834,0
bc0134,1257,219,TGAGTGCGGAC,[219],1,270343,0
bc0253,234,53,GCGATTAGTCT,[53],1,35585,0
bc0049,1866,280,GCGATTAGTCT,[280],1,686178,0
bc0065,2052,460,"GCGATTAGTCT,TGAGTGCGGAC","[273, 187]",2,587597,0
bc0925,377,52,GCGATTAGTCT,[52],1,2036,0
bc0259,186,54,CAGGGGGGTTG,[54],1,33435,1
bc0022,2872,519,CAGGGGGGTTG,[519],1,1060534,1
bc0275,742,169,"CTTCTAGTTGA,GCTTGGGTGTA","[69, 100]",2,29009,2
bc0945,515,170,GCTTGGGTGTA,[170],1,1946,2
bc0313,1110,166,"CTTCTAGTTGA,GCTTGGGTGTT","[102, 64]",2,21880,2
bc0077,1922,759,"CTTCTAGTTGA,GCTTGGGTGTA","[435, 324]",2,534668,2
bc0613,54,6,"CTTCTAGTTGA,GCCGATGTTTG","[4, 2]",2,7451,2
bc0821,129,2,CTTCTAGTTGA,[2],1,2795,2
bc0358,1111,214,"CTTCTAGTTGA,GCTTGGGTGTT","[122, 92]",2,17800,2
bc0523,956,194,"CTTCTAGTTGA,GCTTGGGTGTA","[112, 82]",2,9798,2
bc0962,96,17,GCTTGGGTGTA,[17],1,1873,2
bc0631,39,5,"CTTCTAGTTGA,GCTTGGGTGTN","[3, 2]",2,6925,2
bc0822,154,5,CTTCTAGTTGA,[5],1,2788,2
bc0408,1099,184,"CTTCTAGTTGA,GCTTGGGTGTT","[91, 93]",2,14691,2
bc0771,1131,283,GCTTGGGTGTA,[283],1,3479,2
bc0240,485,178,TATAGCGGTGA,[178],1,47667,2
bc0173,1300,252,GCCGATGTTTG,[252],1,142580,2
bc0436,721,176,"CTTCTAGTTGA,GCTTGGGTGTA","[99, 77]",2,13173,2
bc0184,827,147,GTTAGGATGCA,[147],1,128883,2
bc0793,1135,353,"CTTCTAGTTGA,GCTTGGGTGTA","[165, 188]",2,3232,2
bc0374,680,118,"CTTCTAGTTGA,GCTTGGGTGTT","[60, 58]",2,16503,2
bc0432,895,178,"CTTCTAGTTGA,GCTTGGGTGTT","[109, 69]",2,13574,2
bc0329,149,40,TATAGCGGTGA,[40],1,20010,2
bc0075,2540,531,TCCGGGGGGCC,[531],1,548860,2
bc0014,3544,1624,GTTAGGATGCA,[1624],1,1492111,2
bc0280,891,197,"CTTCTAGTTGA,GCTTGGGTGTA","[108, 89]",2,27829,2
bc0732,357,92,"CTTCTAGTTGA,GCTTGGGTGTT","[51, 41]",2,4349,2
bc0227,1260,316,GTTAGGATGCA,[316],1,67556,2
bc0156,1449,678,GTTAGGATGCA,[678],1,183419,2
bc0766,270,38,"CTTCTAGTTGA,GCTTGGGTGTA","[16, 22]",2,3542,2
bc0981,677,236,CTTCTAGTTGA,[236],1,1810,2
bc0261,1832,155,"CTTCTAGTTGA,GCTTGGGTGTG","[84, 71]",2,32570,2
bc0587,108,36,GCTTGGGTGTA,[36],1,8133,2
bc0731,1352,396,"CTTCTAGTTGA,GCTTGGGTGTA","[203, 193]",2,4402,2
bc0530,638,108,"CTTCTAGTTGA,GCTTGGGTGTN","[65, 43]",2,9574,2
bc0933,1032,140,CTTCTAGTTGA,[140],1,2021,2
bc0154,1547,236,"CTTCTAGTTGA,TTGGTACATCT","[82, 154]",2,190232,2
bc0230,237,112,CTTCTAGTTGA,[112],1,64865,2
bc0966,176,18,"GCTTGGGTGTN,TGTAAGGAGTT","[10, 8]",2,1863,2
bc0185,665,130,GCTTGGGTGTT,[130],1,128218,2
bc0622,142,17,"CTTCTAGTTGA,GCTTGGGTGTC","[6, 11]",2,7186,2
bc0764,322,10,"CTTCTAGTTGA,GCGGGTACCCT","[4, 6]",2,3590,2
bc0226,519,119,GCCGATGTTTG,[119],1,68818,2
bc0138,788,353,GTTAGGATGCA,[353],1,263043,2
bc0419,774,91,"CTTCTAGTTGA,GCTTGGGTGTA","[60, 31]",2,14394,2
bc0999,615,200,GTTAGGATGCA,[200],1,1748,2
bc0299,65,35,CTTCTAGTTGA,[35],1,23555,2
bc0779,238,7,"CTTCTAGTTGA,GCTTGGGTGTT","[3, 4]",2,3403,2
bc0341,1579,243,"CTTCTAGTTGA,GCTTGGGTGTT","[131, 112]",2,19178,2
bc0699,344,5,CTTCTAGTTGA,[5],1,5161,2
bc0350,1044,228,"CTTCTAGTTGA,GCTTGGGTGTA","[124, 104]",2,18275,2
bc0662,652,132,"CTTCTAGTTGA,GCTTGGGTGTA","[75, 57]",2,5882,2
bc0590,730,141,"CTTCTAGTTGA,GCTTGGGTGTA","[72, 69]",2,8114,2
bc0890,319,86,"CTTCTAGTTGA,GCTTGGGTGTT","[53, 33]",2,2213,2
bc0379,1013,199,"CTTCTAGTTGA,GCTTGGGTGTT","[118, 81]",2,16285,2
bc0381,1083,104,"CTTCTAGTTGA,GCTTGGGTGTT","[61, 43]",2,16061,2
bc0980,797,375,"CTTCTAGTTGA,GCTTGGGTGTA","[223, 152]",2,1813,2
bc0406,813,140,"CTTCTAGTTGA,GCTTGGGTGTT","[82, 58]",2,14963,2
bc0885,99,2,CTTCTAGTTGA,[2],1,2260,2
bc0877,1224,195,"CTTCTAGTTGA,GCTTGGGTGTA","[113, 82]",2,2284,2
bc0199,431,181,CTTCTAGTTGA,[181],1,119399,2
bc0644,733,132,"CTTCTAGTTGA,GCTTGGGTGTA","[85, 47]",2,6433,2
bc0919,902,297,"CTTCTAGTTGA,GCTTGGGTGTA","[180, 117]",2,2069,2
bc0057,2055,634,GCTTGGGTGTA,[634],1,639147,2
bc0256,1656,305,"CTTCTAGTTGA,GCTTGGGTGTT","[161, 144]",2,34216,2
bc0823,267,111,CTTCTAGTTGA,[111],1,2773,2
bc0137,1237,393,GCTTGGGTGTA,[393],1,265243,2
bc0013,4450,1512,TGTAAGGAGTT,[1512],1,1568452,2
bc0827,1052,318,"CTTCTAGTTGA,GCTTGGGTGTA","[124, 194]",2,2717,2
bc0816,54,11,"CTTCTAGTTGA,GCTTGGGTGTN","[4, 7]",2,2844,2
bc0036,2940,847,GCTTGGGTGTA,[847],1,853297,2
bc0704,600,122,"CTTCTAGTTGA,GCTTGGGTGTT","[70, 52]",2,5040,2
bc0509,1392,293,"CTTCTAGTTGA,GCTTGGGTGTT","[155, 138]",2,10018,2
bc0005,5996,3021,"CTTCTAGTTGA,GCTTGGGTGTA","[1930, 1091]",2,2787443,2
bc0316,1536,240,"CTTCTAGTTGA,GCTTGGGTGTT","[144, 96]",2,21489,2
bc0012,3653,1171,CTTCTAGTTGA,[1171],1,1664208,2
bc0529,868,172,"CTTCTAGTTGA,GCTTGGGTGTN","[109, 63]",2,9591,2
bc0034,2779,768,TTGGTACATCT,[768],1,902415,2
bc0155,1296,393,GTTAGGATGCA,[393],1,189293,2
bc0837,151,45,"CTTCTAGTTGA,GCTTGGGTGTN","[24, 21]",2,2633,2
bc0519,1165,157,"CTTCTAGTTGA,GCTTGGGTGTN","[102, 55]",2,9846,2
bc0289,985,226,"CTTCTAGTTGA,GCTTGGGTGTA","[137, 89]",2,24862,2
bc0446,818,178,"CTTCTAGTTGA,GCTTGGGTGTT","[107, 71]",2,12705,2
bc0011,3998,1780,"CTTCTAGTTGA,GCTTGGGTGTA","[1128, 652]",2,1873063,2
bc0605,841,185,"CTTCTAGTTGA,GCTTGGGTGTA","[94, 91]",2,7661,2
bc0836,272,50,"CTTCTAGTTGA,GCTTGGGTGTA","[24, 26]",2,2640,2
bc0943,119,20,"CTTCTAGTTGA,GCTTGGGTGTA","[11, 9]",2,1953,2
bc0867,163,9,TGTAAGGAGTT,[9],1,2350,2
bc0109,2024,530,GCTTGGGTGTA,[530],1,358528,2
bc0178,535,223,CTTCTAGTTGA,[223],1,134649,2
bc0248,198,62,TATAGCGGTGA,[62],1,38977,2
bc0608,848,189,"CTTCTAGTTGA,GCTTGGGTGTT","[92, 97]",2,7523,2
bc0217,262,134,CTTCTAGTTGA,[134],1,89678,2
bc0201,780,307,CTTCTAGTTGA,[307],1,110970,2
bc0616,41,2,GCCGANGTTTG,[2],1,7409,2
bc0021,3392,515,GCGGGTACCCT,[515],1,1092555,2
bc0364,902,170,"CTTCTAGTTGA,GCTTGGGTGTA","[96, 74]",2,17209,2
bc0054,2959,912,GCCGATGTTTG,[912],1,657958,2
bc0516,1066,152,"CTTCTAGTTGA,GCTTGGGTGTA","[85, 67]",2,9894,2
bc0843,570,296,"CTTCTAGTTGA,GCTTGGGTGTA","[133, 163]",2,2558,2
bc0852,870,363,CTTCTAGTTGA,[363],1,2474,2
bc0001,5580,2859,"CTTCTAGTTGA,GCTTGGGTGTA","[1806, 1053]",2,3920295,2
bc0985,497,161,GTTAGGATGCA,[161],1,1797,2
bc0023,3075,1125,GTTAGGATGCA,[1125],1,1060439,2
bc0952,214,43,"CTTCTAGTTGA,GCTTGGGTGTT","[16, 27]",2,1909,2
bc0997,702,248,CTTCTAGTTGA,[248],1,1762,2
bc0200,1021,68,GCGGGTACCCT,[68],1,112860,2
bc0898,997,165,GTTAGGATGCA,[165],1,2178,2
bc0674,68,7,"CTTCTAGTTGA,GCTTGGGTGTT","[3, 4]",2,5669,2
bc0433,178,113,GTTAGGATGCA,[113],1,13531,2
bc0806,973,452,"CTTCTAGTTGA,GCTTGGGTGTA","[272, 180]",2,2989,2
bc0088,1909,815,"CTTCTAGTTGA,GCTTGGGTGTA","[389, 426]",2,466684,2
bc0908,698,324,"CTTCTAGTTGA,GCTTGGGTGTA","[191, 133]",2,2110,2
bc0601,706,172,"CTTCTAGTTGA,GCTTGGGTGTA","[96, 76]",2,7781,2
bc0266,1083,219,"CTTCTAGTTGA,GCTTGGGTGTT","[131, 88]",2,30659,2
bc0714,338,6,"CTTCTAGTTGA,GCTTGGGTGTN","[3, 3]",2,4770,2
bc0192,1098,351,"CTTCTAGTTGA,GCTTGGGTGTA","[174, 177]",2,125367,2
bc0508,632,124,"CTTCTAGTTGA,GCTTGGGTGTA","[63, 61]",2,10044,2
bc0694,878,222,"CTTCTAGTTGA,GTTAGGATGCA","[135, 87]",2,5247,2
bc0735,593,108,"CTTCTAGTTGA,GCTTGGGTGTA","[62, 46]",2,4331,2
bc0909,78,33,GCTTGGGTGTA,[33],1,2109,2
bc0068,2154,918,"CTTCTAGTTGA,GCTTGGGTGTA","[491, 427]",2,579284,2
bc0847,146,16,"CTTCTAGTTGA,GCTTGGGTGTA","[8, 8]",2,2506,2
bc0515,857,199,"CTTCTAGTTGA,GCTTGGGTGTT","[109, 90]",2,9899,2
bc0876,152,25,"CTTCTAGTTGA,GCTTGGGTGTN","[11, 14]",2,2298,2
bc0695,46,17,GCGGGTACCCT,[17],1,5231,2
bc0231,923,217,"CTTCTAGTTGA,GTTAGGATGCA","[86, 131]",2,63037,2
bc0675,696,131,"CTTCTAGTTGA,GCTTGGGTGTT","[75, 56]",2,5647,2
bc0427,919,200,"CTTCTAGTTGA,GCTTGGGTGTA","[118, 82]",2,13896,2
bc0846,367,88,"CTTCTAGTTGA,GCTTGGGTGTA","[47, 41]",2,2507,2
bc0906,897,241,"CTTCTAGTTGA,GCTTGGGTGTN","[154, 87]",2,2139,2
bc0676,535,75,"CTTCTAGTTGA,GCTTGGGTGTT","[30, 45]",2,5637,2
bc0129,1090,289,GTTAGGATGCA,[289],1,279452,2
bc0120,1571,331,GCCGATGTTTG,[331],1,319937,2
bc0650,62,2,CTTCTAGTTGA,[2],1,6335,2
bc0671,757,172,"CTTCTAGTTGA,GCTTGGGTGTT","[107, 65]",2,5736,2
bc0258,590,113,CTTCTAGTTGA,[113],1,33467,2
bc0123,1555,602,"CTTCTAGTTGA,GCTTGGGTGTA","[213, 389]",2,317757,2
bc0486,890,152,"CTTCTAGTTGA,GCTTGGGTGTN","[80, 72]",2,10909,2
bc0472,1068,246,"CTTCTAGTTGA,GCTTGGGTGTT","[138, 108]",2,11274,2
bc0170,727,92,TTGGTACATCT,[92],1,151178,2
bc0807,221,4,TCCGGGGGGCC,[4],1,2947,2
bc0300,1308,155,"CTTCTAGTTGA,GCTTGGGTGTA","[83, 72]",2,23210,2
bc0901,928,240,"CTTCTAGTTGA,GCTTGGGTGTA","[154, 86]",2,2156,2
bc0572,672,109,"CTTCTAGTTGA,GCTTGGGTGTA","[64, 45]",2,8447,2
bc0320,1091,192,"CTTCTAGTTGA,GCTTGGGTGTA","[98, 94]",2,20888,2
bc0205,303,153,CTTCTAGTTGA,[153],1,108487,2
bc0875,1230,98,"GCCGATGTTTG,TATAGCGGTGA","[57, 41]",2,2307,2
bc0987,117,4,"CTTCTAGTTGA,TTGGTACATCT","[2, 2]",2,1793,2
bc0894,700,236,"CTTCTAGTTGA,GCTTGGGTGTA","[98, 138]",2,2201,2
bc0628,1918,675,"CTTCTAGTTGA,GCTTGGGTGTA","[413, 262]",2,7019,2
bc0651,1041,216,"CTTCTAGTTGA,GCTTGGGTGTT","[129, 87]",2,6324,2
bc0052,1984,871,"CTTCTAGTTGA,GCTTGGGTGTA","[537, 334]",2,667882,2
bc0222,872,241,CTTCTAGTTGA,[241],1,79306,2
bc0612,708,147,"CTTCTAGTTGA,GCTTGGGTGTA","[68, 79]",2,7480,2
bc0133,1227,335,GGTTGGGTGAT,[335],1,270715,2
bc0105,1677,708,"CTTCTAGTTGA,GCTTGGGTGTA","[306, 402]",2,390409,2
bc0609,865,188,"CTTCTAGTTGA,GCTTGGGTGTT","[101, 87]",2,7522,2
bc0424,1045,121,"CTTCTAGTTGA,GTTAGGATGCA","[60, 61]",2,13985,2
bc0365,820,147,"CTTCTAGTTGA,GCTTGGGTGTT","[90, 57]",2,17176,2
bc0647,581,57,"CTTCTAGTTGA,GCTTGGGTGTA","[30, 27]",2,6393,2
bc0903,161,9,"CTTCTAGTTGA,GCTTGGGTGTN","[3, 6]",2,2154,2
bc0371,897,120,"CTTCTAGTTGA,GCTTGGGTGTT","[57, 63]",2,16738,2
bc0757,522,101,"CTTCTAGTTGA,GCTTGGGTGTT","[55, 46]",2,3747,2
bc0321,872,221,"CTTCTAGTTGA,GCTTGGGTGTA","[122, 99]",2,20748,2
bc0562,119,61,CTTCTAGTTGA,[61],1,8727,2
bc0840,281,15,"CTTCTAGTTGA,GCTTGGGTGTN","[8, 7]",2,2604,2
bc0941,130,10,GTTAGGATGCA,[10],1,1973,2
bc0696,248,21,"CTTCTAGTTGA,GCTTGGGTGTN","[11, 10]",2,5227,2
bc0288,1502,290,"CTTCTAGTTGA,GCTTGGGTGTA","[153, 137]",2,25644,2
bc0216,255,97,TATAGCGGTGA,[97],1,90250,2
bc0400,728,160,"CTTCTAGTTGA,GCTTGGGTGTT","[87, 73]",2,15376,2
bc0333,1673,166,"CTTCTAGTTGA,GCTTGGGTGTT","[81, 85]",2,19883,2
bc0239,347,63,TATAGCGGTGA,[63],1,49349,2
bc0413,992,204,"CTTCTAGTTGA,GCTTGGGTGTT","[117, 87]",2,14507,2
bc0380,1304,241,"CTTCTAGTTGA,GCTTGGGTGTT","[138, 103]",2,16273,2
bc0243,862,271,"CTTCTAGTTGA,GCTTGGGTGTA","[164, 107]",2,41803,2
bc0879,256,54,"CTTCTAGTTGA,GCTTGGGTGTA","[25, 29]",2,2279,2
bc0426,1087,155,"CTTCTAGTTGA,GCTTGGGTGTA","[93, 62]",2,13953,2
bc0720,63,12,"CTTCTAGTTGA,GCTTGGGTGTT","[5, 7]",2,4631,2
bc0213,569,213,GCTTGGGTGTA,[213],1,93008,2
bc0340,1283,199,"CTTCTAGTTGA,GCTTGGGTGTA","[121, 78]",2,19267,2
bc0751,248,3,CTTCTAGTTGA,[3],1,3863,2
bc0657,616,134,"CTTCTAGTTGA,GCTTGGGTGTA","[67, 67]",2,6076,2
bc0883,792,281,"CTTCTAGTTGA,GCTTGGGTGTA","[166, 115]",2,2274,2
bc0078,1923,316,TTGGTACATCT,[316],1,532010,2
bc0050,2390,862,GTTAGGATGCA,[862],1,683620,2
bc0377,880,155,"CTTCTAGTTGA,GCTTGGGTGTA","[82, 73]",2,16336,2
bc0670,326,8,"CTTCTAGTTGA,GCTTGGGTGTN","[4, 4]",2,5750,2
bc0302,1547,238,"CTTCTAGTTGA,GCTTGGGTGTT","[127, 111]",2,22975,2
bc0270,166,53,TATAGCGGTGA,[53],1,29474,2
bc0352,1067,218,"CTTCTAGTTGA,GCTTGGGTGTA","[117, 101]",2,18197,2
bc0669,721,158,"CTTCTAGTTGA,GCTTGGGTGTT","[96, 62]",2,5753,2
bc0796,1035,353,"CTTCTAGTTGA,GCTTGGGTGTA","[192, 161]",2,3112,2
bc0522,709,186,"CTTCTAGTTGA,GCTTGGGTGTA","[96, 90]",2,9804,2
bc0855,341,66,"CTTCTAGTTGA,GCTTGGGTGTT","[38, 28]",2,2434,2
bc0795,450,130,TGTAAGGAGTT,[130],1,3166,2
bc0103,1284,480,GGTTGGGTGAT,[480],1,403370,2
bc0752,274,69,TTGGTACATCT,[69],1,3858,2
bc0636,662,111,"CTTCTAGTTGA,GCTTGGGTGTT","[56, 55]",2,6717,2
bc0792,493,122,"CTTCTAGTTGA,GCTTGGGTGTA","[76, 46]",2,3236,2
bc0829,853,260,"CTTCTAGTTGA,GCTTGGGTGTA","[119, 141]",2,2697,2
bc0450,618,118,"CTTCTAGTTGA,GCTTGGGTGTA","[65, 53]",2,12557,2
bc0236,179,63,GCTTGGGTGTA,[63],1,51656,2
bc0418,1283,256,"CTTCTAGTTGA,GCTTGGGTGTT","[148, 108]",2,14402,2
bc0976,923,193,"CTTCTAGTTGA,GCTTGGGTGTA","[93, 100]",2,1825,2
bc0080,2543,902,"CTTCTAGTTGA,GCTTGGGTGTA","[568, 334]",2,528212,2
bc0814,62,24,CTTCTAGTTGA,[24],1,2897,2
bc0648,672,126,"CTTCTAGTTGA,GCTTGGGTGTA","[75, 51]",2,6379,2
bc0220,700,227,GCTTGGGTGTA,[227],1,82772,2
bc0956,193,68,GCTTGGGTGTA,[68],1,1901,2
bc0805,102,36,"CTTCTAGTTGA,GGTTGGGTGAT","[12, 24]",2,2990,2
bc0971,120,19,"CTTCTAGTTGA,GCTTGGGTGTN","[10, 9]",2,1842,2
bc0834,1264,190,GTTAGGATGCA,[190],1,2661,2
bc0473,1073,202,"CTTCTAGTTGA,GCTTGGGTGTT","[110, 92]",2,11214,2
bc0351,926,159,"CTTCTAGTTGA,GCTTGGGTGTA","[85, 74]",2,18201,2
bc0770,59,8,TGTAAGGAGTT,[8],1,3487,2
bc0171,299,174,CTTCTAGTTGA,[174],1,150479,2
bc0204,834,301,CTTCTAGTTGA,[301],1,109047,2
bc0087,1643,468,"GCCGATGTTTG,TTGGTACATCT","[168, 300]",2,480141,2
bc0844,1344,169,GCTTGGGTGTA,[169],1,2526,2
bc0778,508,100,"CTTCTAGTTGA,GCTTGGGTGTT","[62, 38]",2,3403,2
bc0089,1493,390,TGTAAGGAGTT,[390],1,465036,2
bc0949,678,236,CTTCTAGTTGA,[236],1,1923,2
bc0521,265,74,"CTTCTAGTTGA,GCTTGGGTGTA","[39, 35]",2,9827,2
bc0378,839,57,"CTTCTAGTTGA,GCTTGGGTGTT","[29, 28]",2,16297,2
bc0303,1046,160,"CTTCTAGTTGA,GCTTGGGTGTA","[95, 65]",2,22877,2
bc0438,1017,153,"CTTCTAGTTGA,GCTTGGGTGTT","[90, 63]",2,13069,2
bc0048,1678,677,"CTTCTAGTTGA,GCTTGGGTGTA","[400, 277]",2,688011,2
bc0290,197,115,CTTCTAGTTGA,[115],1,24747,2
bc0072,2206,622,GCTTGGGTGTA,[622],1,561987,2
bc0750,1033,411,"CTTCTAGTTGA,GCTTGGGTGTA","[207, 204]",2,3928,2
bc0294,1702,189,"CTTCTAGTTGA,GCTTGGGTGTT","[110, 79]",2,24193,2
bc0596,617,53,"CTTCTAGTTGA,GCTTGGGTGTA","[33, 20]",2,7931,2
bc0975,266,88,GCTTGGGTGTA,[88],1,1829,2
bc0172,280,98,TATAGCGGTGA,[98],1,147208,2
bc0481,453,88,"CTTCTAGTTGA,GTTAGGATGCA","[56, 32]",2,10953,2
bc0591,618,120,"CTTCTAGTTGA,GCTTGGGTGTT","[71, 49]",2,8060,2
bc0691,206,66,CTTCTAGTTGA,[66],1,5340,2
bc0940,925,300,CTTCTAGTTGA,[300],1,1976,2
bc0666,257,95,CTTCTAGTTGA,[95],1,5792,2
bc0332,219,74,TATAGCGGTGA,[74],1,19955,2
bc0828,170,4,"CTTCTAGTTGA,GCTTGGGTGTN","[2, 2]",2,2702,2
bc0028,2612,973,CTTCTAGTTGA,[973],1,950798,2
bc0916,32,2,CTTCTAGTTGA,[2],1,2105,2
bc0033,3218,1479,"CTTCTAGTTGA,GCTTGGGTGTA","[868, 611]",2,916539,2
bc0409,1326,248,"CTTCTAGTTGA,GCTTGGGTGTT","[143, 105]",2,14659,2
bc0483,540,100,"CTTCTAGTTGA,GCTTGGGTGTT","[62, 38]",2,10933,2
bc0281,1253,205,"CTTCTAGTTGA,GCTTGGGTGTA","[113, 92]",2,27829,2
bc0969,350,103,CTTCTAGTTGA,[103],1,1850,2
bc0758,274,8,"CTTCTAGTTGA,GTTAGGATGCA","[5, 3]",2,3710,2
bc0190,558,189,GTTAGGATGCA,[189],1,126447,2
bc0278,206,72,TATAGCGGTGA,[72],1,28571,2
bc0293,1274,166,"CTTCTAGTTGA,GCTTGGGTGTA","[91, 75]",2,24361,2
bc0554,930,204,"CTTCTAGTTGA,GCTTGGGTGTT","[116, 88]",2,8911,2
bc0548,1014,159,"CTTCTAGTTGA,GCTTGGGTGTT","[77, 82]",2,9109,2
bc0164,1197,191,TCCGGGGGGCC,[191],1,153460,2
bc0506,94,13,"CTTCTAGTTGA,GCTTGGGTGTN","[7, 6]",2,10123,2
bc0064,2833,844,TATAGCGGTGA,[844],1,597033,2
bc0202,529,207,CTTCTAGTTGA,[207],1,109236,2
bc0414,1044,165,"CTTCTAGTTGA,GCTTGGGTGTT","[88, 77]",2,14466,2
bc0567,157,15,"CTTCTAGTTGA,TTGGTACATCT","[8, 7]",2,8512,2
bc0858,197,83,CTTCTAGTTGA,[83],1,2420,2
bc0073,2733,954,"CTTCTAGTTGA,GCTTGGGTGTA","[516, 438]",2,557201,2
bc0431,295,59,"CTTCTAGTTGA,GCTTGGGTGTA","[30, 29]",2,13784,2
bc0773,319,68,"CTTCTAGTTGA,GCTTGGGTGTT","[36, 32]",2,3430,2
bc0850,1033,310,"CTTCTAGTTGA,GCTTGGGTGTA","[178, 132]",2,2486,2
bc0203,286,140,CTTCTAGTTGA,[140],1,109154,2
bc0520,678,95,"CTTCTAGTTGA,GCTTGGGTGTT","[52, 43]",2,9829,2
bc0439,970,171,"CTTCTAGTTGA,GCTTGGGTGTT","[88, 83]",2,13047,2
bc0683,531,109,"CTTCTAGTTGA,GCTTGGGTGTT","[64, 45]",2,5514,2
bc0027,2454,800,CTTCTAGTTGA,[800],1,963313,2
bc0592,574,132,"CTTCTAGTTGA,GCTTGGGTGTA","[86, 46]",2,8036,2
bc0873,384,198,GCCGATGTTTG,[198],1,2316,2
bc0558,183,43,GCTTGGGTGTA,[43],1,8796,2
bc0705,300,7,"CTTCTAGTTGA,TTGGTACATCT","[4, 3]",2,5012,2
bc0308,1246,138,"CTTCTAGTTGA,GCTTGGGTGTT","[67, 71]",2,22252,2
bc0546,245,141,GCTTGGGTGTA,[141],1,9173,2
bc0453,1697,177,"CTTCTAGTTGA,GCTTGGGTGTA","[94, 83]",2,12418,2
bc0056,2249,439,TTGGTACATCT,[439],1,648671,2
bc0741,494,140,"CTTCTAGTTGA,GCTTGGGTGTT","[86, 54]",2,4097,2
bc0627,104,55,CTTCTAGTTGA,[55],1,7023,2
bc0016,3694,1640,"CTTCTAGTTGA,GCTTGGGTGTA","[915, 725]",2,1417624,2
bc0708,421,53,"CTTCTAGTTGA,GCTTGGGTGTA","[28, 25]",2,4907,2
bc0237,209,107,GTTAGGATGCA,[107],1,50470,2
bc0108,1691,769,GTTAGGATGCA,[769],1,373258,2
bc0927,873,383,"CTTCTAGTTGA,GCTTGGGTGTA","[188, 195]",2,2030,2
bc0407,933,161,"CTTCTAGTTGA,GCTTGGGTGTT","[102, 59]",2,14859,2
bc0538,1056,212,"CTTCTAGTTGA,GCTTGGGTGTA","[116, 96]",2,9338,2
bc0678,223,3,GCTTGGGTGTN,[3],1,5583,2
bc0330,1194,219,"CTTCTAGTTGA,GCTTGGGTGTT","[117, 102]",2,19995,2
bc0469,521,102,"CTTCTAGTTGA,GCTTGGGTGTA","[58, 44]",2,11437,2
bc0309,1113,174,"CTTCTAGTTGA,GCTTGGGTGTT","[108, 66]",2,22159,2
bc0813,1129,305,"CTTCTAGTTGA,GCTTGGGTGTA","[120, 185]",2,2908,2
bc0221,491,163,GCTTGGGTGTA,[163],1,79661,2
bc0653,1749,635,CTTCTAGTTGA,[635],1,6244,2
bc0929,132,6,"CTTCTAGTTGA,GCCGATGTTTG","[4, 2]",2,2027,2
bc0571,1038,237,"CTTCTAGTTGA,GCTTGGGTGTT","[126, 111]",2,8449,2
bc0630,486,15,"CTTCTAGTTGA,GTTAGGATGCA","[10, 5]",2,6976,2
bc0726,940,383,"CTTCTAGTTGA,GCTTGGGTGTA","[246, 137]",2,4519,2
bc0207,317,153,CTTCTAGTTGA,[153],1,106271,2
bc0635,764,164,"CTTCTAGTTGA,GCTTGGGTGTT","[78, 86]",2,6720,2
bc0663,1597,508,"CTTCTAGTTGA,GCTTGGGTGTA","[271, 237]",2,5857,2
bc0893,973,229,CTTCTAGTTGA,[229],1,2202,2
bc0610,736,131,"CTTCTAGTTGA,GCTTGGGTGTT","[81, 50]",2,7522,2
bc0568,989,179,"CTTCTAGTTGA,GCTTGGGTGTT","[99, 80]",2,8507,2
bc0973,394,187,"CTTCTAGTTGA,GCTTGGGTGTA","[94, 93]",2,1835,2
bc0991,234,62,TCCGGGGGGCC,[62],1,1778,2
bc0569,833,138,"CTTCTAGTTGA,GCTTGGGTGTT","[72, 66]",2,8487,2
bc0862,128,21,"CTTCTAGTTGA,GCTTGGGTGTN","[14, 7]",2,2370,2
bc0866,420,154,TATAGCGGTGA,[154],1,2355,2
bc0384,1245,263,"CTTCTAGTTGA,GCTTGGGTGTT","[155, 108]",2,15976,2
bc0114,1697,458,GTTAGGATGCA,[458],1,341444,2
bc0713,447,62,"CTTCTAGTTGA,GCTTGGGTGTT","[37, 25]",2,4771,2
bc0692,472,42,"CTTCTAGTTGA,GCTTGGGTGTT","[26, 16]",2,5310,2
bc0767,354,17,"CTTCTAGTTGA,TGTAAGGAGTT","[8, 9]",2,3539,2
bc0495,1019,158,"CTTCTAGTTGA,GCTTGGGTGTT","[101, 57]",2,10527,2
bc0480,711,120,"CTTCTAGTTGA,GCTTGGGTGTT","[67, 53]",2,10955,2
bc0996,1217,77,GTTAGGATGCA,[77],1,1764,2
bc0214,377,178,CTTCTAGTTGA,[178],1,92872,2
bc1000,829,174,"CTTCTAGTTGA,GCTTGGGTGTA","[98, 76]",2,1745,2
bc0939,128,5,"CTTCTAGTTGA,GTTAGGATGCA","[3, 2]",2,1978,2
bc0161,1321,218,GCCGATGTTTG,[218],1,161039,2
bc0347,1313,244,"CTTCTAGTTGA,GCTTGGGTGTA","[160, 84]",2,18432,2
bc0920,380,82,"GCTTGGGTGTA,GTTAGGATGCA","[44, 38]",2,2066,2
bc0537,1731,699,"CTTCTAGTTGA,GCTTGGGTGTA","[311, 388]",2,9351,2
bc0624,812,168,"CTTCTAGTTGA,GCTTGGGTGTT","[89, 79]",2,7124,2
bc0738,243,50,"CTTCTAGTTGA,GCTTGGGTGTA","[22, 28]",2,4168,2
bc0355,1338,243,"CTTCTAGTTGA,GCTTGGGTGTT","[135, 108]",2,18136,2
bc0441,95,36,TATAGCGGTGA,[36],1,12960,2
bc0688,661,160,"CTTCTAGTTGA,GCTTGGGTGTC","[93, 67]",2,5392,2
bc0626,832,208,"CTTCTAGTTGA,GCTTGGGTGTT","[125, 83]",2,7097,2
bc0812,228,15,"CTTCTAGTTGA,TCCGGGGGGCC","[5, 10]",2,2923,2
bc0319,956,172,"CTTCTAGTTGA,GCTTGGGTGTA","[91, 81]",2,21304,2
bc0772,1093,342,"CTTCTAGTTGA,GCTTGGGTGTA","[181, 161]",2,3479,2
bc0276,1549,253,"CTTCTAGTTGA,GCTTGGGTGTT","[136, 117]",2,28900,2
bc0187,366,169,CTTCTAGTTGA,[169],1,127464,2
bc0634,557,6,"GCTTGGGTGAT,TTGGTACATCT","[2, 4]",2,6760,2
bc0031,2832,1208,"CTTCTAGTTGA,GCTTGGGTGTA","[680, 528]",2,919391,2
bc0242,242,113,GCTTGGGTGTA,[113],1,42827,2
bc0550,575,62,"CTTCTAGTTGA,GCTTGGGTGTT","[37, 25]",2,9063,2
bc0484,901,123,"CTTCTAGTTGA,GCTTGGGTGTT","[64, 59]",2,10926,2
bc0685,183,159,TTGGTACATCT,[159],1,5473,2
bc0815,180,14,GTTAGGATGCA,[14],1,2861,2
bc0331,1418,127,"CTTCTAGTTGA,GCTTGGGTGTG","[67, 60]",2,19958,2
bc0760,1145,336,"CTTCTAGTTGA,GCTTGGGTGTA","[206, 130]",2,3699,2
bc0046,2519,989,GTTAGGATGCA,[989],1,703672,2
bc0498,116,13,"GTTAGGATGCA,TGTAAGGAGTT","[6, 7]",2,10472,2
bc0809,396,153,GCTTGGGTGTA,[153],1,2944,2
bc0570,894,177,"CTTCTAGTTGA,GCTTGGGTGTA","[93, 84]",2,8452,2
bc0175,294,145,CTTCTAGTTGA,[145],1,137055,2
bc0002,5660,2692,"CTTCTAGTTGA,GCTTGGGTGTA","[1760, 932]",2,3621061,2
bc0268,1298,170,"CTTCTAGTTGA,GCTTGGGTGTT","[102, 68]",2,30192,2
bc0135,1551,485,GTTAGGATGCA,[485],1,269150,2
bc0617,382,10,"CTTCTAGTTGA,GCTTGGGTGTT","[4, 6]",2,7381,2
bc0354,1217,186,"CTTCTAGTTGA,GCTTGGGTGTA","[111, 75]",2,18160,2
bc0421,1133,160,"CTTCTAGTTGA,GCTTGGGTGTT","[105, 55]",2,14387,2
bc0457,907,175,"CTTCTAGTTGA,GCTTGGGTGTA","[97, 78]",2,11927,2
bc0518,1241,511,"CTTCTAGTTGA,GCTTGGGTGTA","[213, 298]",2,9857,2
bc0454,1252,234,"CTTCTAGTTGA,GCTTGGGTGTT","[129, 105]",2,12384,2
bc0918,393,124,TGTAAGGAGTT,[124],1,2078,2
bc0677,785,153,"CTTCTAGTTGA,GCTTGGGTGTT","[82, 71]",2,5594,2
bc0781,32,14,CTTCTAGTTGA,[14],1,3372,2
bc0174,982,334,CTTCTAGTTGA,[334],1,139315,2
bc0870,331,97,"CTTCTAGTTGA,GCTTGGGTGTN","[44, 53]",2,2331,2
bc0606,741,122,"CTTCTAGTTGA,GCTTGGGTGTT","[57, 65]",2,7620,2
bc0338,1353,321,"CTTCTAGTTGA,GCTTGGGTGTT","[183, 138]",2,19399,2
bc0119,1152,250,TTGGTACATCT,[250],1,320285,2
bc0130,1688,303,TTGGTACATCT,[303],1,277663,2
bc0234,346,79,TATAGCGGTGA,[79],1,55155,2
bc0111,2089,354,TTGGTACATCT,[354],1,355912,2
bc0132,1723,462,CTTCTAGTTGA,[462],1,273021,2
bc0047,2712,1159,"CTTCTAGTTGA,GCTTGGGTGTA","[670, 489]",2,694810,2
bc0646,710,67,CTTCTAGTTGA,[67],1,6414,2
bc0993,251,97,"CTTCTAGTTGA,GCTTGGGTGTA","[35, 62]",2,1776,2
bc0140,623,247,GCCGATGTTTG,[247],1,256910,2
bc0471,868,162,"CTTCTAGTTGA,GCTTGGGTGTT","[101, 61]",2,11324,2
bc0131,1768,324,TTGGTACATCT,[324],1,273394,2
bc0444,3017,825,"CTTCTAGTTGA,GCTTGGGTGTN","[456, 369]",2,12792,2
bc0113,2558,1020,GCCGATGTTTG,[1020],1,348009,2
bc0327,1304,193,"CTTCTAGTTGA,GCTTGGGTGTG","[123, 70]",2,20159,2
bc0434,1066,197,"CTTCTAGTTGA,GCTTGGGTGTT","[107, 90]",2,13433,2
bc0573,1133,195,"CTTCTAGTTGA,GCTTGGGTGTA","[118, 77]",2,8441,2
bc0598,929,155,"CTTCTAGTTGA,GCTTGGGTGTT","[85, 70]",2,7828,2
bc0503,519,84,"CTTCTAGTTGA,GCTTGGGTGTT","[42, 42]",2,10188,2
bc0880,486,193,"CTTCTAGTTGA,GCTTGGGTGTA","[84, 109]",2,2278,2
bc0188,1101,203,CTTCTAGTTGA,[203],1,127298,2
bc0709,593,118,"CTTCTAGTTGA,GCTTGGGTGTT","[64, 54]",2,4906,2
bc0701,1627,422,CTTCTAGTTGA,[422],1,5101,2
bc0970,277,40,"CTTCTAGTTGA,GCTTGGGTGTN","[24, 16]",2,1846,2
bc0958,1341,40,"CTTCTAGTTGA,GCTTGGGTGTA","[23, 17]",2,1898,2
bc0723,589,105,"CTTCTAGTTGA,GCTTGGGTGTA","[53, 52]",2,4546,2
bc0561,238,40,"CTTCTAGTTGA,GCTTGGGTGTT","[20, 20]",2,8745,2
bc0467,51,5,"CTTCTAGTTGA,GTTAGGATGCA","[3, 2]",2,11515,2
bc0914,954,243,"CTTCTAGTTGA,GCTTGGGTGTA","[138, 105]",2,2105,2
bc0346,1356,213,"CTTCTAGTTGA,GCTTGGGTGTA","[124, 89]",2,18516,2
bc0386,1185,259,"CTTCTAGTTGA,GCTTGGGTGTT","[147, 112]",2,15858,2
bc0382,868,184,"CTTCTAGTTGA,GCTTGGGTGTT","[99, 85]",2,16058,2
bc0271,1421,203,"CTTCTAGTTGA,GCTTGGGTGTA","[117, 86]",2,29289,2
bc0599,1281,187,"CTTCTAGTTGA,GCTTGGGTGTA","[103, 84]",2,7812,2
bc0715,800,270,CTTCTAGTTGA,[270],1,4748,2
bc0334,972,202,"CTTCTAGTTGA,GCTTGGGTGTA","[115, 87]",2,19820,2
bc0177,665,273,CTTCTAGTTGA,[273],1,136454,2
bc0673,604,117,"CTTCTAGTTGA,GCTTGGGTGTT","[59, 58]",2,5672,2
bc0755,532,145,TGTAAGGAGTT,[145],1,3791,2
bc0375,1063,161,"CTTCTAGTTGA,GCTTGGGTGTT","[93, 68]",2,16501,2
bc0466,817,146,"CTTCTAGTTGA,GCTTGGGTGTT","[83, 63]",2,11533,2
bc0144,1847,391,"CTTCTAGTTGA,GTTAGGATGCA","[158, 233]",2,237128,2
bc0545,1057,195,"CTTCTAGTTGA,GCTTGGGTGTA","[114, 81]",2,9173,2
bc0583,969,224,"CTTCTAGTTGA,GCTTGGGTGTT","[128, 96]",2,8260,2
bc0859,260,55,"CTTCTAGTTGA,GCTTGGGTGTA","[26, 29]",2,2402,2
bc0345,1037,149,"CTTCTAGTTGA,GCTTGGGTGTT","[89, 60]",2,18689,2
bc0722,362,4,CTTCTAGTTGA,[4],1,4589,2
bc0455,601,125,"CTTCTAGTTGA,GCTTGGGTGTG","[70, 55]",2,12144,2
bc0403,633,144,"CTTCTAGTTGA,GCTTGGGTGTA","[78, 66]",2,15166,2
bc0470,114,26,TGTAAGGAGTT,[26],1,11411,2
bc0420,852,146,"CTTCTAGTTGA,GCTTGGGTGTT","[75, 71]",2,14393,2
bc0039,2413,737,CTTCTAGTTGA,[737],1,760908,2
bc0581,128,53,CTTCTAGTTGA,[53],1,8294,2
bc0577,59,8,"CTTCTAGTTGA,GCTTGGGTGTN","[3, 5]",2,8335,2
bc0776,259,6,"CTTCTAGTTGA,GCTTGGGTGTN","[2, 4]",2,3409,2
bc0782,191,2,CTTCTAGTTGA,[2],1,3372,2
bc0269,1816,329,"CTTCTAGTTGA,GCTTGGGTGTT","[191, 138]",2,29807,2
bc0019,2630,1206,"CTTCTAGTTGA,GCTTGGGTGTA","[536, 670]",2,1290106,2
bc0721,481,6,"CTTCTAGTTGA,GCTTGGGTGTN","[3, 3]",2,4629,2
bc0152,629,293,CTTCTAGTTGA,[293],1,191653,2
bc0555,974,184,"CTTCTAGTTGA,GCTTGGGTGTT","[90, 94]",2,8905,2
bc0680,396,135,TTGGTACATCT,[135],1,5532,2
bc0493,919,161,"CTTCTAGTTGA,GCTTGGGTGTA","[80, 81]",2,10559,2
bc0542,898,163,"CTTCTAGTTGA,GCTTGGGTGTA","[95, 68]",2,9190,2
bc0579,806,164,"CTTCTAGTTGA,GCTTGGGTGTG","[97, 67]",2,8299,2
bc0370,1316,250,"CTTCTAGTTGA,GCTTGGGTGTT","[134, 116]",2,16748,2
bc0485,755,141,"CTTCTAGTTGA,GCTTGGGTGTT","[81, 60]",2,10910,2
bc0061,2082,554,TTGGTACATCT,[554],1,623650,2
bc0783,1141,396,"CTTCTAGTTGA,GCTTGGGTGTA","[200, 196]",2,3328,2
bc0126,1221,321,GTTAGGATGCA,[321],1,294751,2
bc0042,1879,575,GCTTGGGTGTA,[575],1,730907,2
bc0058,1934,462,TTGGTACATCT,[462],1,634333,2
bc0224,458,103,TCCGGGGGGCC,[103],1,72648,2
bc0091,2017,725,"CTTCTAGTTGA,GCTTGGGTGTA","[301, 424]",2,460025,2
bc0668,185,32,"CTTCTAGTTGA,GCTTGGGTGTT","[15, 17]",2,5760,2
bc0942,76,9,"CTTCTAGTTGA,TATAGCGGTGA","[3, 6]",2,1964,2
bc0756,63,12,"GTTAGGATGCA,TTGGTACATCT","[7, 5]",2,3765,2
bc0452,1112,188,"CTTCTAGTTGA,GCTTGGGTGTT","[104, 84]",2,12455,2
bc0656,1923,679,"CTTCTAGTTGA,GCTTGGGTGTA","[306, 373]",2,6134,2
bc0565,607,63,"CTTCTAGTTGA,GCTTGGGTGTA","[37, 26]",2,8621,2
bc0373,1434,172,"CTTCTAGTTGA,GCTTGGGTGTA","[97, 75]",2,16670,2
bc0652,619,162,"CTTCTAGTTGA,GCTTGGGTGTT","[86, 76]",2,6285,2
bc0930,130,6,"CTTCTAGTTGA,GTTAGGATGCA","[4, 2]",2,2025,2
bc0099,1287,407,TGTAAGGAGTT,[407],1,429677,2
bc0892,208,27,"CTTCTAGTTGA,GCTTGGGTGTA","[11, 16]",2,2206,2
bc0926,39,6,"CTTCTAGTTGA,GCTTGGGTGTN","[2, 4]",2,2031,2
bc0383,912,179,"CTTCTAGTTGA,GCTTGGGTGTA","[99, 80]",2,16029,2
bc0255,841,157,"CTTCTAGTTGA,TTGGTACATCT","[63, 94]",2,34616,2
bc0557,681,108,"CTTCTAGTTGA,GCTTGGGTGTA","[46, 62]",2,8812,2
bc0096,1500,642,"CTTCTAGTTGA,GCTTGGGTGTA","[260, 382]",2,439320,2
bc0009,3862,1876,"CTTCTAGTTGA,GCTTGGGTGTA","[1240, 636]",2,1936505,2
bc0913,1044,207,"CTTCTAGTTGA,GCTTGGGTGTA","[74, 133]",2,2106,2
bc0284,1184,229,"CTTCTAGTTGA,GCTTGGGTGTA","[127, 102]",2,26723,2
bc0582,610,42,"GTTAGGATGCA,TGTAAGGAGTT","[23, 19]",2,8289,2
bc0917,214,39,"CTTCTAGTTGA,GCTTGGGTGTT","[20, 19]",2,2094,2
bc0312,590,138,"CTTCTAGTTGA,GCTTGGGTGTT","[75, 63]",2,21893,2
bc0106,1145,302,TGTAAGGAGTT,[302],1,388947,2
bc0435,1105,203,"CTTCTAGTTGA,GCTTGGGTGTG","[117, 86]",2,13238,2
bc0733,350,6,CTTCTAGTTGA,[6],1,4334,2
bc0860,246,15,"GCTTGGGTGTT,TCCGGGGGGCC","[7, 8]",2,2398,2
bc0151,1599,333,GTTAGGATGCA,[333],1,196607,2
bc0659,706,105,"CTTCTAGTTGA,GCTTGGGTGTA","[52, 53]",2,6045,2
bc0070,1946,513,GCCGATGTTTG,[513],1,569315,2
bc0038,2180,627,GCTTGGGTGTA,[627],1,791141,2
bc0082,2128,594,"GCTTGGGTGTA,GTTAGGATGCA","[307, 287]",2,513441,2
bc0104,1794,614,GCTTGGGTGTA,[614],1,400998,2
bc0257,1049,196,"CTTCTAGTTGA,GCTTGGGTGTA","[110, 86]",2,33567,2
bc0839,774,224,"CTTCTAGTTGA,GCTTGGGTGTA","[92, 132]",2,2605,2
bc0474,1005,160,"CTTCTAGTTGA,GCTTGGGTGTT","[87, 73]",2,11196,2
bc0576,587,124,"CTTCTAGTTGA,GCTTGGGTGTG","[66, 58]",2,8377,2
bc0425,854,120,"CTTCTAGTTGA,GCTTGGGTGTA","[57, 63]",2,13984,2
bc0225,487,103,TCCGGGGGGCC,[103],1,71137,2
bc0868,98,10,"CTTCTAGTTGA,GCTTGGGTGTN","[5, 5]",2,2346,2
bc0640,363,44,"CTTCTAGTTGA,GCTTGGGTGTA","[15, 29]",2,6497,2
bc0525,962,165,"CTTCTAGTTGA,GCTTGGGTGTA","[103, 62]",2,9753,2
bc0851,943,298,"CTTCTAGTTGA,GCTTGGGTGTA","[108, 190]",2,2481,2
bc0728,414,11,"GCTTGGGTGTN,GTTAGGATGCA","[4, 7]",2,4506,2
bc0461,994,155,"CTTCTAGTTGA,GCTTGGGTGTG","[95, 60]",2,11700,2
bc0845,121,5,"CTTCTAGTTGA,GCAGATGTTTG","[2, 3]",2,2515,2
bc0719,489,107,"CTTCTAGTTGA,GCTTGGGTGTT","[54, 53]",2,4645,2
bc0095,2036,452,"GTTAGGATGCA,TTGGTACATCT","[207, 245]",2,440721,2
bc0229,177,67,CTTCTAGTTGA,[67],1,65074,2
bc0639,1018,418,"CTTCTAGTTGA,GCTTGGGTGTA","[144, 274]",2,6609,2
bc0800,323,36,CTTCTAGTTGA,[36],1,3040,2
bc0399,1183,216,"CTTCTAGTTGA,GCTTGGGTGTA","[114, 102]",2,15397,2
bc0141,918,408,"CTTCTAGTTGA,GCTTGGGTGTA","[220, 188]",2,253123,2
bc0517,990,203,"CTTCTAGTTGA,GCTTGGGTGTA","[117, 86]",2,9873,2
bc0961,159,2,CTTCTAGTTGA,[2],1,1877,2
bc0423,698,132,"CTTCTAGTTGA,GCTTGGGTGTN","[81, 51]",2,14123,2
bc0245,736,111,"CTTCTAGTTGA,TTGGTACATCT","[41, 70]",2,41467,2
bc0848,251,19,"CTTCTAGTTGA,GCTTGGGTGTT","[8, 11]",2,2493,2
bc0291,904,121,"CTTCTAGTTGA,GCTTGGGTGTA","[75, 46]",2,24561,2
bc0566,144,52,"CTTCTAGTTGA,GCTTGGGTGTN","[31, 21]",2,8529,2
bc0032,2764,945,CTTCTAGTTGA,[945],1,917628,2
bc0462,789,36,"CTTCTAGTTGA,GCTTGGGTGTA","[21, 15]",2,11695,2
bc0357,1119,224,"CTTCTAGTTGA,GCTTGGGTGTA","[126, 98]",2,17892,2
bc0107,2260,715,"CTTCTAGTTGA,GCTTGGGTGTA","[350, 365]",2,377223,2
bc0367,972,174,"CTTCTAGTTGA,GCTTGGGTGTT","[95, 79]",2,17120,2
bc0069,1905,629,GCTTGGGTGTA,[629],1,573848,2
bc0277,833,388,"CTTCTAGTTGA,GCTTGGGTGTA","[232, 156]",2,28594,2
bc0907,179,7,"GCCGATGTTTG,TTGGTACATCT","[4, 3]",2,2118,2
bc0706,455,96,"CTTCTAGTTGA,GCTTGGGTGTT","[61, 35]",2,4956,2
bc0957,403,129,"GCTTGGGTGTA,TGTAAGGAGTT","[46, 83]",2,1901,2
bc0157,1016,255,GCTTGGGTGTA,[255],1,169417,2
bc0661,705,172,"CTTCTAGTTGA,GCTTGGGTGTT","[94, 78]",2,5919,2
bc0283,1216,222,"CTTCTAGTTGA,GCTTGGGTGTA","[115, 107]",2,27316,2
bc0282,603,95,CTTCTAGTTGA,[95],1,27810,2
bc0158,997,325,GTTAGGATGCA,[325],1,168771,2
bc0621,538,193,CTTCTAGTTGA,[193],1,7191,2
bc0180,399,113,TGTAAGGAGTT,[113],1,132880,2
bc0553,830,169,"CTTCTAGTTGA,GCTTGGGTGTA","[100, 69]",2,8977,2
bc0041,2807,1157,GTTAGGATGCA,[1157],1,732083,2
bc0094,1943,506,GGTTGGGTGAT,[506],1,443576,2
bc0754,333,156,GGTTGGGTGAT,[156],1,3798,2
bc0954,89,5,"CTTCTAGTTGA,GTTAGGATGCA","[2, 3]",2,1907,2
bc0600,823,187,"CTTCTAGTTGA,GCTTGGGTGTT","[90, 97]",2,7799,2
bc0586,895,179,"CTTCTAGTTGA,GCTTGGGTGTT","[111, 68]",2,8169,2
bc0273,1436,183,"CTTCTAGTTGA,GCTTGGGTGTT","[106, 77]",2,29066,2
bc0025,3292,895,GTTAGGATGCA,[895],1,990179,2
bc0604,299,59,"CTTCTAGTTGA,GCTTGGGTGTT","[31, 28]",2,7724,2
bc0110,1312,392,CTTCTAGTTGA,[392],1,356730,2
bc0007,4760,2240,"CTTCTAGTTGA,GCTTGGGTGTA","[1350, 890]",2,2256557,2
bc0585,799,178,"CTTCTAGTTGA,GCTTGGGTGTN","[99, 79]",2,8210,2
bc1001,70,13,"GCTTGGGTGTA,GTTAGGATGCA","[6, 7]",2,1744,2
bc0159,533,116,TGTAAGGAGTT,[116],1,163141,2
bc0228,338,158,GTTAGGATGCA,[158],1,65132,2
bc0910,138,11,"CTTCTAGTTGA,GCTTGGGTGTN","[6, 5]",2,2108,2
bc0067,2548,1128,GCCGATGTTTG,[1128],1,583767,2
bc0853,223,19,"CTTCTAGTTGA,GCTTGGGTGTA","[12, 7]",2,2472,2
bc0491,1046,186,"CTTCTAGTTGA,GCTTGGGTGTT","[104, 82]",2,10617,2
bc0337,852,204,"CTTCTAGTTGA,GCTTGGGTGTA","[122, 82]",2,19571,2
bc0830,179,66,GTTAGGATGCA,[66],1,2693,2
bc0219,887,135,TCCGGGGGGCC,[135],1,85138,2
bc0637,512,12,"CTTCTAGTTGA,GCTTGGGTGTN","[5, 7]",2,6714,2
bc0143,1320,429,"CTTCTAGTTGA,GCTTGGGTGTA","[286, 143]",2,238755,2
bc0274,1283,382,CTTCTAGTTGA,[382],1,29042,2
bc0797,192,13,GCCGATGTTTG,[13],1,3083,2
bc0417,741,167,"CTTCTAGTTGA,GCTTGGGTGTT","[93, 74]",2,14431,2
bc0084,2298,874,"CTTCTAGTTGA,GCTTGGGTGTA","[352, 522]",2,505361,2
bc0342,701,154,"CTTCTAGTTGA,GCTTGGGTGTT","[75, 79]",2,19160,2
bc0142,1498,489,"CTTCTAGTTGA,GCTTGGGTGTA","[319, 170]",2,251413,2
bc0528,919,158,"CTTCTAGTTGA,GCTTGGGTGTA","[80, 78]",2,9652,2
bc0008,4139,2010,"CTTCTAGTTGA,GCTTGGGTGTA","[1078, 932]",2,2176472,2
bc0127,1102,359,CTTCTAGTTGA,[359],1,287584,2
bc0672,237,44,"CTTCTAGTTGA,GCTTGGGTGTN","[26, 18]",2,5724,2
bc0972,122,8,GCTTGGGTGTN,[8],1,1841,2
bc0449,1132,216,"CTTCTAGTTGA,GCTTGGGTGTT","[125, 91]",2,12627,2
bc0963,133,12,"CTTCTAGTTGA,GCTTGGGTGTT","[5, 7]",2,1871,2
bc0682,117,25,"CTTCTAGTTGA,TTGGTACATCT","[9, 16]",2,5521,2
bc0595,1175,215,"CTTCTAGTTGA,GCTTGGGTGTA","[110, 105]",2,7936,2
bc0895,424,161,CTTCTAGTTGA,[161],1,2198,2
bc0874,322,75,"CTTCTAGTTGA,GCTTGGGTGTA","[36, 39]",2,2314,2
bc0501,757,84,"CTTCTAGTTGA,GCTTGGGTGTN","[44, 40]",2,10328,2
bc0115,1842,417,GTTAGGATGCA,[417],1,340294,2
bc0301,913,134,"CTTCTAGTTGA,GCTTGGGTGTT","[84, 50]",2,23128,2
bc0641,521,89,"CTTCTAGTTGA,GCTTGGGTGTT","[46, 43]",2,6482,2
bc0314,717,101,"CTTCTAGTTGA,GCTTGGGTGTT","[62, 39]",2,21776,2
bc0440,595,98,"CTTCTAGTTGA,GCTTGGGTGTN","[59, 39]",2,13030,2
bc0045,2963,1151,"CTTCTAGTTGA,GCTTGGGTGTA","[635, 516]",2,704164,2
bc0196,458,158,TATAGCGGTGA,[158],1,121081,2
bc0983,390,187,"CTTCTAGTTGA,GCTTGGGTGTA","[121, 66]",2,1803,2
bc0638,151,5,GCTTGGGTGTN,[5],1,6698,2
bc0924,127,8,"CTTCTAGTTGA,GCTTGGGTGTA","[3, 5]",2,2040,2
bc0559,2264,677,"CTTCTAGTTGA,GCTTGGGTGTA","[310, 367]",2,8794,2
bc0092,2234,387,TTGGTACATCT,[387],1,457772,2
bc0356,1228,253,"CTTCTAGTTGA,GCTTGGGTGTA","[157, 96]",2,17932,2
bc0488,186,49,GTTAGGATGCA,[49],1,10765,2
bc0197,462,128,TTGGTACATCT,[128],1,120834,2
bc0404,1061,206,"CTTCTAGTTGA,GCTTGGGTGTA","[104, 102]",2,15140,2
bc0974,768,225,"CTTCTAGTTGA,GCTTGGGTGTT","[81, 144]",2,1833,2
bc0235,342,81,TATAGCGGTGA,[81],1,55099,2
bc0835,185,8,"CTTCTAGTTGA,GCTTGGGTGTN","[4, 4]",2,2640,2
bc0463,1187,191,"CTTCTAGTTGA,GCTTGGGTGTA","[102, 89]",2,11646,2
bc0534,770,167,"CTTCTAGTTGA,GCTTGGGTGTG","[101, 66]",2,9445,2
bc0051,2070,542,TGTAAGGAGTT,[542],1,670150,2
bc0787,235,15,CTTCTAGTTGA,[15],1,3277,2
bc0071,2687,943,GTTAGGATGCA,[943],1,566028,2
bc0252,1639,268,"CTTCTAGTTGA,GCTTGGGTGTT","[157, 111]",2,36710,2
bc0286,1103,166,"CTTCTAGTTGA,GCTTGGGTGTA","[89, 77]",2,26349,2
bc0984,275,65,"CTTCTAGTTGA,GCTTGGGTGTT","[29, 36]",2,1799,2
bc0310,845,164,"CTTCTAGTTGA,GCTTGGGTGTT","[98, 66]",2,22049,2
bc0967,108,15,"CTTCTAGTTGA,GTTAGGATGCA","[7, 8]",2,1852,2
bc0128,1369,424,"CTTCTAGTTGA,GCTTGGGTGTA","[236, 188]",2,282090,2
bc0475,832,124,"CTTCTAGTTGA,GCTTGGGTGTT","[60, 64]",2,11162,2
bc0029,2577,1037,"CTTCTAGTTGA,GCTTGGGTGTA","[553, 484]",2,932930,2
bc0251,295,139,GCTTGGGTGTA,[139],1,36930,2
bc0687,63,8,"GCTTGGGTGTA,GTTAGGATGCA","[4, 4]",2,5410,2
bc0817,41,2,GCTTGGGTGTN,[2],1,2843,2
bc0191,519,146,TTGGTACATCT,[146],1,125843,2
bc0833,300,60,"CTTCTAGTTGA,GCTTGGGTGTN","[29, 31]",2,2662,2
bc0556,900,156,"CTTCTAGTTGA,GCTTGGGTGTT","[76, 80]",2,8829,2
bc0499,1066,206,"CTTCTAGTTGA,GCTTGGGTGTT","[115, 91]",2,10470,2
bc0994,100,11,GTTAGGATGCA,[11],1,1776,2
bc0784,1429,353,"CTTCTAGTTGA,GCTTGGGTGTA","[199, 154]",2,3323,2
bc0125,1404,594,"CTTCTAGTTGA,GCTTGGGTGTA","[261, 333]",2,310465,2
bc0317,1103,202,"CTTCTAGTTGA,GCTTGGGTGTA","[110, 92]",2,21348,2
bc0560,1107,256,"CTTCTAGTTGA,GCTTGGGTGTA","[140, 116]",2,8791,2
bc0249,963,199,CTTCTAGTTGA,[199],1,38580,2
bc0887,173,21,CTTCTAGTTGA,[21],1,2228,2
bc0086,2475,733,GCCGATGTTTG,[733],1,486717,2
bc0977,784,140,CTTCTAGTTGA,[140],1,1825,2
bc0504,966,188,"CTTCTAGTTGA,GCTTGGGTGTA","[95, 93]",2,10181,2
bc0194,335,148,CTTCTAGTTGA,[148],1,121636,2
bc0429,1173,207,"CTTCTAGTTGA,GCTTGGGTGTT","[118, 89]",2,13827,2
bc0614,98,5,"GCTTGGGTGTN,TGTAAGGAGTT","[3, 2]",2,7440,2
bc0645,664,113,"CTTCTAGTTGA,GCTTGGGTGTN","[55, 58]",2,6429,2
bc0510,929,146,"CTTCTAGTTGA,GCTTGGGTGTA","[75, 71]",2,10008,2
bc0588,180,10,"CTTCTAGTTGA,GCTTGGGTGTN","[6, 4]",2,8130,2
bc0785,372,63,"CTTCTAGTTGA,GCTTGGGTGTT","[33, 30]",2,3311,2
bc0344,1617,190,"CTTCTAGTTGA,GCTTGGGTGTA","[98, 92]",2,18928,2
bc0747,69,8,"CTTCTAGTTGA,GTTAGGATGCA","[4, 4]",2,3972,2
bc0412,888,10,CTTCTAGTTGA,[10],1,14523,2
bc0911,200,36,"CTTCTAGTTGA,GCTTGGGTGTA","[19, 17]",2,2108,2
bc0947,154,26,"CTTCTAGTTGA,GCTTGGGTGTT","[11, 15]",2,1941,2
bc0589,407,11,GCTTGGGTGTN,[11],1,8116,2
bc0629,744,141,"CTTCTAGTTGA,GCTTGGGTGTT","[72, 69]",2,7018,2
bc0810,398,8,"CTTCTAGTTGA,GCTTGGGTGTN","[3, 5]",2,2938,2
bc0182,473,87,TATAGCGGTGA,[87],1,130582,2
bc0020,3477,1519,"CTTCTAGTTGA,GCTTGGGTGTT","[958, 561]",2,1180572,2
bc0208,973,331,"CTTCTAGTTGA,GCTTGGGTGTA","[187, 144]",2,103524,2
bc0698,563,106,"CTTCTAGTTGA,GCTTGGGTGTT","[59, 47]",2,5162,2
bc0396,1502,320,"CTTCTAGTTGA,GCTTGGGTGTA","[189, 131]",2,15533,2
bc0272,1214,133,"CTTCTAGTTGA,GCTTGGGTGTT","[75, 58]",2,29134,2
bc0511,838,109,"CTTCTAGTTGA,GCTTGGGTGTA","[54, 55]",2,9989,2
bc0937,702,246,GCTTGGGTGTA,[246],1,1996,2
bc0136,846,231,GCCGATGTTTG,[231],1,267644,2
bc0921,950,200,"CTTCTAGTTGA,GCTTGGGTGTA","[113, 87]",2,2056,2
bc0445,1240,207,"CTTCTAGTTGA,GCTTGGGTGTA","[103, 104]",2,12735,2
bc0238,228,84,TATAGCGGTGA,[84],1,50376,2
bc0745,1457,457,"CTTCTAGTTGA,GCTTGGGTGTA","[246, 211]",2,4047,2
bc0574,392,60,"CTTCTAGTTGA,GTTAGGATGCA","[32, 28]",2,8420,2
bc0989,180,8,"CTTCTAGTTGA,GTTAGGATGCA","[5, 3]",2,1780,2
bc0315,1345,275,"CTTCTAGTTGA,GCTTGGGTGTA","[161, 114]",2,21617,2
bc0169,597,180,TATAGCGGTGA,[180],1,151238,2
bc0727,688,149,"CTTCTAGTTGA,GCTTGGGTGTT","[92, 57]",2,4509,2
bc0116,1522,488,GTTAGGATGCA,[488],1,329563,2
bc0693,364,28,CTTCTAGTTGA,[28],1,5306,2
bc0388,1101,206,"CTTCTAGTTGA,GCTTGGGTGTT","[121, 85]",2,15738,2
bc0742,1374,359,"CTTCTAGTTGA,GCTTGGGTGTA","[166, 193]",2,4084,2
bc0774,957,234,"CTTCTAGTTGA,GCTTGGGTGTA","[113, 121]",2,3423,2
bc0944,278,142,"CTTCTAGTTGA,GCTTGGGTGTA","[66, 76]",2,1952,2
bc0549,178,24,"CTTCTAGTTGA,GCTTGGGTGTT","[14, 10]",2,9091,2
bc0100,948,393,"CTTCTAGTTGA,GCTTGGGTGTA","[220, 173]",2,427840,2
bc0748,515,125,"CTTCTAGTTGA,GCTTGGGTGTA","[62, 63]",2,3963,2
bc0904,50,2,GCTTGGGTGTN,[2],1,2152,2
bc0915,155,33,"CTTCTAGTTGA,GCTTGGGTGTA","[15, 18]",2,2105,2
bc0936,120,3,CTTCTAGTTGA,[3],1,2017,2
bc0865,967,248,"CTTCTAGTTGA,GCTTGGGTGTA","[148, 100]",2,2356,2
bc0328,1011,170,"CTTCTAGTTGA,GCTTGGGTGTT","[97, 73]",2,20147,2
bc0060,1850,832,"CTTCTAGTTGA,GCTTGGGTGTA","[519, 313]",2,623764,2
bc0195,664,227,CTTCTAGTTGA,[227],1,121303,2
bc0153,1459,274,"CTTCTAGTTGA,TCCGGGGGGCC","[109, 165]",2,191050,2
bc0147,1115,444,"CTTCTAGTTGA,GCTTGGGTGTA","[253, 191]",2,219023,2
bc0959,766,348,"CTTCTAGTTGA,GCTTGGGTGTA","[208, 140]",2,1891,2
bc0186,357,130,GTTAGGATGCA,[130],1,127644,2
bc0372,1029,199,"CTTCTAGTTGA,GCTTGGGTGTA","[110, 89]",2,16673,2
bc0122,1056,325,GTTAGGATGCA,[325],1,318568,2
bc0524,1098,180,"CTTCTAGTTGA,GCTTGGGTGTT","[93, 87]",2,9781,2
bc0632,407,12,"CTTCTAGTTGA,GCTTGGGTGTN","[8, 4]",2,6853,2
bc0464,966,190,"CTTCTAGTTGA,GCTTGGGTGTA","[109, 81]",2,11596,2
bc0759,393,78,"CTTCTAGTTGA,GCTTGGGTGTN","[42, 36]",2,3708,2
bc0928,950,178,CTTCTAGTTGA,[178],1,2027,2
bc0212,473,99,TATAGCGGTGA,[99],1,96657,2
bc0544,710,153,"CTTCTAGTTGA,GCTTGGGTGTT","[80, 73]",2,9186,2
bc0443,1192,199,"CTTCTAGTTGA,GCTTGGGTGTA","[100, 99]",2,12845,2
bc0368,973,168,"CTTCTAGTTGA,GCTTGGGTGTA","[83, 85]",2,16957,2
bc0780,320,52,"CTTCTAGTTGA,GCTTGGGTGTN","[30, 22]",2,3389,2
bc0689,920,360,"CTTCTAGTTGA,GCTTGGGTGTA","[123, 237]",2,5390,2
bc0686,849,179,"CTTCTAGTTGA,GCTTGGGTGTT","[98, 81]",2,5446,2
bc0935,207,54,"CTTCTAGTTGA,GCTTGGGTGTT","[29, 25]",2,2017,2
bc0004,5503,2558,"CTTCTAGTTGA,GCTTGGGTGTA","[1374, 1184]",2,3301969,2
bc0531,1020,213,"CTTCTAGTTGA,GCTTGGGTGTT","[114, 99]",2,9512,2
bc0405,1110,212,"CTTCTAGTTGA,GCTTGGGTGTT","[129, 83]",2,15110,2
bc0968,163,64,CTTCTAGTTGA,[64],1,1850,2
bc0500,783,112,"CTTCTAGTTGA,GCTTGGGTGTA","[59, 53]",2,10455,2
bc0864,133,10,TTGGTACATCT,[10],1,2361,2
bc0018,3935,1709,"CTTCTAGTTGA,GCTTGGGTGTA","[958, 751]",2,1349272,2
bc0611,737,162,"CTTCTAGTTGA,GCTTGGGTGTA","[94, 68]",2,7502,2
bc0262,873,269,"CTTCTAGTTGA,GCTTGGGTGTT","[151, 118]",2,32191,2
bc0211,417,129,GCTTGGGTGTA,[129],1,98221,2
bc0298,890,186,"CTTCTAGTTGA,GCTTGGGTGTT","[110, 76]",2,23625,2
bc0869,161,4,"GCTTGGGTGTN,TGTAAGGAGTT","[2, 2]",2,2335,2
bc0543,1170,228,"CTTCTAGTTGA,GCTTGGGTGTA","[126, 102]",2,9188,2
bc0311,1044,14,"CTTCTAGTTGA,GCTTGGGTGTN","[7, 7]",2,21984,2
bc0831,1018,320,"CTTCTAGTTGA,GCTTGGGTGTA","[182, 138]",2,2691,2
bc0387,1485,325,"CTTCTAGTTGA,GCTTGGGTGTT","[195, 130]",2,15738,2
bc0118,1664,669,"CTTCTAGTTGA,GCTTGGGTGTA","[426, 243]",2,327973,2
bc0932,147,6,CTTCTAGTTGA,[6],1,2023,2
bc0789,446,76,"CTTCTAGTTGA,GCTTGGGTGTA","[42, 34]",2,3268,2
bc0006,5165,2450,"CTTCTAGTTGA,GCTTGGGTGTA","[1585, 865]",2,2725968,2
bc0912,884,235,"CTTCTAGTTGA,GCTTGGGTGTA","[98, 137]",2,2107,2
bc0798,257,13,CTTCTAGTTGA,[13],1,3074,2
bc0899,542,91,"CTTCTAGTTGA,GCTTGGGTGTN","[50, 41]",2,2174,2
bc0679,51,10,"CTTCTAGTTGA,GCTTGGGTGTN","[4, 6]",2,5578,2
bc0702,268,44,"CTTCTAGTTGA,GCTTGGGTGTA","[23, 21]",2,5074,2
bc0819,292,67,"CTTCTAGTTGA,GCTTGGGTGTT","[38, 29]",2,2823,2
bc0348,979,165,"CTTCTAGTTGA,GCTTGGGTGTT","[91, 74]",2,18370,2
bc0882,212,4,"CTTCTAGTTGA,GCTTGGGTGTN","[2, 2]",2,2275,2
bc0448,1146,187,"CTTCTAGTTGA,GCTTGGGTGTA","[100, 87]",2,12691,2
bc0325,1118,204,"CTTCTAGTTGA,GCTTGGGTGTA","[115, 89]",2,20483,2
bc0540,1005,208,"CTTCTAGTTGA,GCTTGGGTGTT","[114, 94]",2,9235,2
bc0881,359,127,"CTTCTAGTTGA,GCTTGGGTGTA","[60, 67]",2,2276,2
bc0886,26,4,"CTTCTAGTTGA,GCTTGGGTGTN","[2, 2]",2,2254,2
bc0950,465,188,"CTTCTAGTTGA,GCTTGGGTGTA","[77, 111]",2,1921,2
bc0215,399,154,CTTCTAGTTGA,[154],1,92330,2
bc0746,314,49,"GCTTGGGTGTT,GTTAGGATGCA","[22, 27]",2,3997,2
bc0946,159,52,"CTTCTAGTTGA,GCTTGGGTGTN","[34, 18]",2,1943,2
bc0037,2446,948,GTTAGGATGCA,[948],1,795814,2
bc0960,118,14,"CTTCTAGTTGA,GCTTGGGTGTN","[8, 6]",2,1878,2
bc0492,696,175,"CTTCTAGTTGA,GCTTGGGTGTT","[102, 73]",2,10606,2
bc0165,1165,237,GTTAGGATGCA,[237],1,153114,2
bc0740,273,42,"CTTCTAGTTGA,GCTTGGGTGTT","[28, 14]",2,4108,2
bc0385,1195,211,"CTTCTAGTTGA,GCTTGGGTGTT","[113, 98]",2,15912,2
bc0878,240,39,"CTTCTAGTTGA,GCTTGGGTGTA","[17, 22]",2,2281,2
bc0633,675,132,"CTTCTAGTTGA,GCTTGGGTGTT","[74, 58]",2,6838,2
bc0121,1699,577,"CTTCTAGTTGA,GCTTGGGTGTA","[218, 359]",2,319409,2
bc0803,1318,321,"CTTCTAGTTGA,GCTTGGGTGTA","[180, 141]",2,3013,2
bc0168,1417,234,TCCGGGGGGCC,[234],1,151409,2
bc0318,1467,325,"CTTCTAGTTGA,GCTTGGGTGTT","[174, 151]",2,21306,2
bc0953,309,131,"CTTCTAGTTGA,GCTTGGGTGTT","[77, 54]",2,1908,2
bc0667,805,217,"CTTCTAGTTGA,GCTTGGGTGTT","[103, 114]",2,5781,2
bc0507,959,175,"CTTCTAGTTGA,GCTTGGGTGTT","[105, 70]",2,10055,2
bc0489,901,171,"CTTCTAGTTGA,GCTTGGGTGTT","[87, 84]",2,10712,2
bc0541,876,14,"CTTCTAGTTGA,GCTTGGGTGTT","[9, 5]",2,9191,2
bc0476,917,150,"CTTCTAGTTGA,GCTTGGGTGTT","[91, 59]",2,11161,2
bc0247,1458,227,"CTTCTAGTTGA,GCTTGGGTGTA","[122, 105]",2,39676,2
bc0437,843,160,"CTTCTAGTTGA,GCTTGGGTGTT","[100, 60]",2,13102,2
bc0098,1451,504,GTTAGGATGCA,[504],1,436637,2
bc0362,1112,227,"CTTCTAGTTGA,GCTTGGGTGTT","[137, 90]",2,17257,2
bc0398,849,131,"CTTCTAGTTGA,GCTTGGGTGTA","[72, 59]",2,15455,2
bc0889,948,218,"CTTCTAGTTGA,GCTTGGGTGTA","[136, 82]",2,2220,2
bc0458,145,81,CTTCTAGTTGA,[81],1,11924,2
bc0410,818,168,"CTTCTAGTTGA,GCTTGGGTGTA","[94, 74]",2,14634,2
bc0923,731,220,"CTTCTAGTTGA,GCTTGGGTGTA","[132, 88]",2,2054,2
bc0832,1229,195,"CTTCTAGTTGA,GCTTGGGTGTA","[93, 102]",2,2688,2
bc0460,1067,190,"CTTCTAGTTGA,GCTTGGGTGTA","[98, 92]",2,11800,2
bc0468,551,89,"CTTCTAGTTGA,GCTTGGGTGTT","[54, 35]",2,11509,2
bc0799,198,6,"CTTCTAGTTGA,GCTTGGGTGTN","[3, 3]",2,3067,2
bc0854,190,5,TGTAAGGAGTT,[5],1,2450,2
bc0811,855,272,GCTTGGGTGTA,[272],1,2937,2
bc0397,720,150,"CTTCTAGTTGA,GCTTGGGTGTT","[80, 70]",2,15512,2
bc0390,1143,167,"CTTCTAGTTGA,GCTTGGGTGTA","[85, 82]",2,15615,2
bc0535,452,123,"CTTCTAGTTGA,GCTTGGGTGTA","[52, 71]",2,9418,2
bc0763,415,63,"CTTCTAGTTGA,GCTTGGGTGTT","[36, 27]",2,3621,2
bc0003,5014,1891,CTTCTAGTTGA,[1891],1,3402859,2
bc0035,3164,1364,"CTTCTAGTTGA,GCTTGGGTGTA","[891, 473]",2,859937,2
bc0456,1115,208,"CTTCTAGTTGA,GCTTGGGTGTT","[102, 106]",2,12027,2
bc0532,986,195,"CTTCTAGTTGA,GCTTGGGTGTT","[107, 88]",2,9509,2
bc0167,331,196,GTTAGGATGCA,[196],1,152284,2
bc0948,857,396,"CTTCTAGTTGA,GCTTGGGTGTA","[245, 151]",2,1927,2
bc0536,863,180,"CTTCTAGTTGA,GCTTGGGTGTT","[115, 65]",2,9412,2
bc0580,434,80,"CTTCTAGTTGA,GCTTGGGTGTT","[36, 44]",2,8296,2
bc0487,936,164,"CTTCTAGTTGA,GCTTGGGTGTA","[83, 81]",2,10862,2
bc0244,310,106,GCTTGGGTGTA,[106],1,41743,2
bc0307,1296,153,"CTTCTAGTTGA,GCTTGGGTGTT","[80, 73]",2,22290,2
bc0824,236,8,"CTTCTAGTTGA,GCTTGGGTGTN","[5, 3]",2,2739,2
bc0209,1119,204,GCCGATGTTTG,[204],1,100703,2
bc0305,1310,207,"CTTCTAGTTGA,GCTTGGGTGTT","[113, 94]",2,22557,2
bc0547,898,184,"CTTCTAGTTGA,GCTTGGGTGTT","[98, 86]",2,9119,2
bc0584,682,111,"CTTCTAGTTGA,GCTTGGGTGTT","[61, 50]",2,8220,2
bc0428,1197,198,"CTTCTAGTTGA,GCTTGGGTGTT","[112, 86]",2,13830,2
bc0395,121,42,TCCGGGGGGCC,[42],1,15542,2
bc0905,150,28,"CTTCTAGTTGA,GCTTGGGTGTA","[18, 10]",2,2142,2
bc0664,723,349,"CTTCTAGTTGA,GCTTGGGTGTA","[181, 168]",2,5817,2
bc0825,731,316,"CTTCTAGTTGA,GCTTGGGTGTA","[168, 148]",2,2731,2
bc0306,1212,188,"CTTCTAGTTGA,GCTTGGGTGTT","[110, 78]",2,22301,2
bc0101,1716,720,"CTTCTAGTTGA,GCTTGGGTGTA","[459, 261]",2,425869,2
bc0955,136,4,"CTTCTAGTTGA,GTTAGGATGCA","[2, 2]",2,1903,2
bc0938,209,16,"CTTCTAGTTGA,GCTTGGGTGTN","[8, 8]",2,1995,2
bc0842,668,195,GCTTGGGTGTA,[195],1,2587,2
bc0391,946,93,"CTTCTAGTTGA,GCTTGGGTGTG","[50, 43]",2,15588,2
bc0076,1987,596,TGTAAGGAGTT,[596],1,546803,2
bc0085,2696,460,TTGGTACATCT,[460],1,497786,2
bc0716,460,111,"CTTCTAGTTGA,GCTTGGGTGTT","[56, 55]",2,4747,2
bc0139,1366,471,CTTCTAGTTGA,[471],1,259956,2
bc0392,1342,303,"CTTCTAGTTGA,GCTTGGGTGTA","[186, 117]",2,15565,2
bc0376,1582,277,"CTTCTAGTTGA,GCTTGGGTGTT","[154, 123]",2,16403,2
bc0246,1388,246,"CTTCTAGTTGA,GCTTGGGTGTA","[140, 106]",2,39959,2
bc0176,281,92,TATAGCGGTGA,[92],1,136948,2
bc0066,2250,680,TGTAAGGAGTT,[680],1,587256,2
bc0620,652,143,"CTTCTAGTTGA,GCTTGGGTGTA","[85, 58]",2,7199,2
bc0369,1347,98,CTTCTAGTTGA,[98],1,16829,2
bc0690,658,146,"CTTCTAGTTGA,GCTTGGGTGTT","[76, 70]",2,5343,2
bc0393,157,64,GCTTGGGTGTA,[64],1,15559,2
bc0736,378,9,CTTCTAGTTGA,[9],1,4328,2
bc0951,739,188,"CTTCTAGTTGA,GCTTGGGTGTA","[88, 100]",2,1912,2
bc0533,111,5,"CTTCTAGTTGA,TTGGTACATCT","[3, 2]",2,9504,2
bc0149,1382,301,"CTTCTAGTTGA,TTGGTACATCT","[110, 191]",2,202660,2
bc0986,151,14,"GCTTGGGTGAT,GTTAGGATGCA","[9, 5]",2,1796,2
bc0459,1054,183,"CTTCTAGTTGA,GCTTGGGTGTT","[105, 78]",2,11889,2
bc0401,1352,205,"CTTCTAGTTGA,GCTTGGGTGTT","[129, 76]",2,15236,2
bc0513,1014,203,"CTTCTAGTTGA,GCTTGGGTGTT","[126, 77]",2,9944,2
bc0024,2566,874,CTTCTAGTTGA,[874],1,1005360,2
bc0146,1402,269,GTTAGGATGCA,[269],1,223650,2
bc0112,1647,373,TGTAAGGAGTT,[373],1,353306,2
bc0575,76,12,"CTTCTAGTTGA,GCTTGGGTGTN","[5, 7]",2,8387,2
bc0514,826,162,"CTTCTAGTTGA,GCTTGGGTGTT","[93, 69]",2,9934,2
bc0982,172,5,TTGGTACATCT,[5],1,1804,2
bc0660,848,139,"CTTCTAGTTGA,GCTTGGGTGTA","[70, 69]",2,6018,2
bc0718,577,118,"CTTCTAGTTGA,GCTTGGGTGTT","[69, 49]",2,4646,2
bc0145,2153,402,"CTTCTAGTTGA,GCCGATGTTTG","[140, 262]",2,225371,2
bc0030,3099,1290,"CTTCTAGTTGA,GCTTGGGTGTA","[618, 672]",2,921989,2
bc0863,244,8,"CTTCTAGTTGA,GTTAGGATGCA","[5, 3]",2,2366,2
bc0053,2209,1021,GTTAGGATGCA,[1021],1,661334,2
bc0681,212,3,GCTTGGGTGTN,[3],1,5527,2
bc0597,566,114,"CTTCTAGTTGA,GCTTGGGTGTA","[52, 62]",2,7889,2
bc0496,1036,139,"CTTCTAGTTGA,GCTTGGGTGTT","[66, 73]",2,10474,2
bc0366,976,165,"CTTCTAGTTGA,GCTTGGGTGTA","[83, 82]",2,17144,2
bc0198,374,146,CTTCTAGTTGA,[146],1,120369,2
bc0015,4137,2146,"CTTCTAGTTGA,GCTTGGGTGTA","[1405, 741]",2,1488443,2
bc0711,48,3,GCTTGGGTGTN,[3],1,4848,2
bc0593,102,21,"CTTCTAGTTGA,GCTTGGGTGTA","[11, 10]",2,8003,2
bc0304,1193,232,"CTTCTAGTTGA,GCTTGGGTGTA","[129, 103]",2,22649,2
bc0287,1566,238,"CTTCTAGTTGA,GCTTGGGTGTA","[125, 113]",2,26223,2
bc0451,862,166,"CTTCTAGTTGA,GCTTGGGTGTA","[86, 80]",2,12540,2
bc0339,660,122,"CTTCTAGTTGA,GCTTGGGTGTA","[69, 53]",2,19298,2
bc0478,399,73,"CTTCTAGTTGA,GCTTGGGTGTA","[39, 34]",2,11063,2
bc0263,1235,177,"CTTCTAGTTGA,GCTTGGGTGTT","[97, 80]",2,31469,2
bc0762,1205,347,"CTTCTAGTTGA,GCTTGGGTGTA","[155, 192]",2,3625,2
bc0059,2052,423,TTGGTACATCT,[423],1,630794,2
bc0250,1475,212,"CTTCTAGTTGA,GCTTGGGTGTT","[128, 84]",2,37058,2
bc0442,1251,205,"CTTCTAGTTGA,GCTTGGGTGTT","[110, 95]",2,12948,2
bc0849,357,68,"CTTCTAGTTGA,GCTTGGGTGTT","[40, 28]",2,2492,2
bc0160,415,196,GTTAGGATGCA,[196],1,162609,2
bc0083,2069,848,GTTAGGATGCA,[848],1,508457,2
bc0642,645,171,"CTTCTAGTTGA,GCTTGGGTGTT","[95, 76]",2,6457,2
bc0737,351,126,CTTCTAGTTGA,[126],1,4307,2
bc0477,937,189,"CTTCTAGTTGA,GCTTGGGTGTA","[95, 94]",2,11134,2
bc0891,130,4,"CTTCTAGTTGA,GCTTGGGTGTN","[2, 2]",2,2211,2
bc0010,4508,2106,GTTAGGATGCA,[2106],1,1921369,2
bc0490,358,156,CTTCTAGTTGA,[156],1,10698,2
bc0402,992,183,"CTTCTAGTTGA,GCTTGGGTGTT","[89, 94]",2,15185,2
bc0260,966,140,"CTTCTAGTTGA,GCTTGGGTGTT","[71, 69]",2,33286,2
bc0117,1814,480,CTTCTAGTTGA,[480],1,328148,2
bc0326,930,145,"CTTCTAGTTGA,GCTTGGGTGTG","[88, 57]",2,20293,2
bc0150,1366,199,TTGGTACATCT,[199],1,199849,2
bc0163,1276,306,GTTAGGATGCA,[306],1,157399,2
bc0285,1863,218,"CTTCTAGTTGA,GCTTGGGTGTT","[112, 106]",2,26600,2
bc0254,452,122,CTTCTAGTTGA,[122],1,35477,2
bc0482,911,195,"CTTCTAGTTGA,GCTTGGGTGTA","[111, 84]",2,10939,2
bc0223,179,63,GCTTGGGTGTN,[63],1,76941,2
bc0786,396,82,"CTTCTAGTTGA,GCTTGGGTGTT","[39, 43]",2,3306,2
bc0769,259,24,"GCTTGGGTGTA,GTTAGGATGCA","[13, 11]",2,3488,2
bc0743,458,59,"CTTCTAGTTGA,GCTTGGGTGTA","[28, 31]",2,4071,2
bc0712,558,130,"CTTCTAGTTGA,GCTTGGGTGTA","[67, 63]",2,4810,2
bc0343,795,133,"CTTCTAGTTGA,GTTAGGATGCA","[82, 51]",2,19145,2
bc0502,657,130,"CTTCTAGTTGA,GCTTGGGTGTA","[66, 64]",2,10254,2
bc0026,2890,842,CTTCTAGTTGA,[842],1,985743,2
bc0148,1113,565,"CTTCTAGTTGA,GCTTGGGTGTA","[252, 313]",2,216275,2
bc0791,511,177,GCCGATGTTTG,[177],1,3249,2
bc0665,672,144,"CTTCTAGTTGA,GCTTGGGTGTT","[80, 64]",2,5811,2
bc0322,1250,155,"CTTCTAGTTGA,GCTTGGGTGTT","[86, 69]",2,20677,2
bc0804,314,37,CTTCTAGTTGA,[37],1,2993,2
bc0479,361,77,"CTTCTAGTTGA,GCTTGGGTGTA","[39, 38]",2,10989,2
bc0777,982,308,CTTCTAGTTGA,[308],1,3408,2
bc0297,220,147,GCTTGGGTGTA,[147],1,23695,2
bc0551,879,153,"CTTCTAGTTGA,GCTTGGGTGTT","[94, 59]",2,9054,2
bc0233,262,97,GCTTGGGTGTA,[97],1,55527,2
bc0265,851,278,"CTTCTAGTTGA,GCTTGGGTGTA","[128, 150]",2,31222,2
bc0730,439,112,"CTTCTAGTTGA,GCTTGGGTGTN","[66, 46]",2,4444,2
bc0703,541,116,"CTTCTAGTTGA,GCTTGGGTGTA","[64, 52]",2,5055,2
bc0505,803,55,"GCTTGGGTGTT,TGTAAGGAGTT","[22, 33]",2,10136,2
bc0063,2145,859,CTTCTAGTTGA,[859],1,604664,2
bc0897,269,111,"CTTCTAGTTGA,GCTTGGGTGTA","[46, 65]",2,2185,2
bc0649,740,162,"CTTCTAGTTGA,GCTTGGGTGTT","[94, 68]",2,6367,2
bc0820,625,274,"CTTCTAGTTGA,GCTTGGGTGTA","[107, 167]",2,2804,2
bc0872,938,202,"CTTCTAGTTGA,GCTTGGGTGTA","[130, 72]",2,2317,2
bc0749,247,11,"GCTTGGGTGTN,GTTAGGATGCA","[4, 7]",2,3949,2
bc0279,1734,368,"CTTCTAGTTGA,GCTTGGGTGTA","[186, 182]",2,28340,2
bc0232,408,283,GCTTGGGTGTA,[283],1,56756,2
bc0578,814,207,"CTTCTAGTTGA,GCTTGGGTGTT","[117, 90]",2,8318,2
bc0323,1524,219,"CTTCTAGTTGA,GCTTGGGTGTA","[108, 111]",2,20641,2
bc0465,973,178,"CTTCTAGTTGA,GCTTGGGTGTT","[107, 71]",2,11574,2
bc0296,341,171,"CTTCTAGTTGA,GCTTGGGTGTN","[75, 96]",2,24046,2
bc0389,997,200,"CTTCTAGTTGA,GCTTGGGTGTA","[102, 98]",2,15717,2
bc0422,854,11,"CTTCTAGTTGA,GCTTGGGTGTA","[6, 5]",2,14365,2
bc0162,795,303,"CTTCTAGTTGA,GCTTGGGTGTA","[147, 156]",2,161036,2
bc0017,3378,1200,GCTTGGGTGTA,[1200],1,1356476,2
bc0896,244,19,"CTTCTAGTTGA,GTTAGGATGCA","[11, 8]",2,2193,2
bc0988,121,17,"GCTTGGGTGTA,TATAGCGGTGA","[7, 10]",2,1781,2
bc0335,1188,267,"CTTCTAGTTGA,GCTTGGGTGTT","[148, 119]",2,19651,2
bc0978,226,48,GTTAGGATGCA,[48],1,1825,2
bc0707,545,233,"CTTCTAGTTGA,GCTTGGGTGTA","[136, 97]",2,4951,2
bc0324,687,121,"CTTCTAGTTGA,GCTTGGGTGTT","[69, 52]",2,20558,2
bc0102,1325,551,GTTAGGATGCA,[551],1,425407,2
bc0552,772,73,CTTCTAGTTGA,[73],1,8982,2
bc0124,1604,232,TCCGGGGGGCC,[232],1,312649,2
bc0336,874,121,"CTTCTAGTTGA,GCTTGGGTGTN","[75, 46]",2,19590,2
bc0264,1784,348,"CTTCTAGTTGA,GCTTGGGTGTT","[188, 160]",2,31408,2
bc0353,1120,210,"CTTCTAGTTGA,GCTTGGGTGTA","[107, 103]",2,18173,2
bc0093,1827,557,GCCGATGTTTG,[557],1,445859,2
bc0359,365,67,CTTCTAGTTGA,[67],1,17596,2
bc0884,598,279,"CTTCTAGTTGA,GCTTGGGTGTA","[179, 100]",2,2269,2
bc0775,76,26,GCTTGGGTGTA,[26],1,3413,2
bc0349,989,230,"CTTCTAGTTGA,GCTTGGGTGTT","[125, 105]",2,18328,2
bc0181,348,99,TATAGCGGTGA,[99],1,132048,2
bc0768,121,17,GCTTGGGTGTN,[17],1,3517,2
bc0594,613,113,"CTTCTAGTTGA,GCTTGGGTGTT","[61, 52]",2,7995,2
bc0700,89,44,GCTTGGGTGTA,[44],1,5129,2
bc0744,236,11,"CTTCTAGTTGA,GCTTGGGTGTN","[6, 5]",2,4051,2
bc0623,765,110,"CTTCTAGTTGA,GCTTGGGTGTA","[59, 51]",2,7181,2
bc0394,1345,209,"CTTCTAGTTGA,GCTTGGGTGTT","[129, 80]",2,15553,2
bc0193,411,189,GCTTGGGTGTA,[189],1,121888,2
bc0539,304,41,"CTTCTAGTTGA,GCTTGGGTGTA","[17, 24]",2,9335,2
bc0292,688,136,"CTTCTAGTTGA,GCTTGGGTGTA","[65, 71]",2,24379,2
bc0295,938,141,"CTTCTAGTTGA,GCTTGGGTGTA","[72, 69]",2,24090,2
bc0684,519,62,"CTTCTAGTTGA,GCTTGGGTGTN","[33, 29]",2,5507,2
bc0765,422,37,"CTTCTAGTTGA,GCTTGGGTGTT","[18, 19]",2,3556,2
bc0998,121,12,"CTTCTAGTTGA,GTTAGGATGCA","[6, 6]",2,1757,2
bc0497,660,168,"CTTCTAGTTGA,GCTTGGGTGTT","[95, 73]",2,10472,2
bc0931,124,6,"CTTCTAGTTGA,GTTAGGATGCA","[3, 3]",2,2023,2
bc0602,582,111,"CTTCTAGTTGA,GCTTGGGTGTT","[62, 49]",2,7762,2
bc0241,130,67,GCTTGGGTGTA,[67],1,43821,2
bc0055,3490,518,TTGGTACATCT,[518],1,655181,2
bc0710,289,17,"CTTCTAGTTGA,GCTTGGGTGTA","[6, 11]",2,4905,2
bc0040,2514,837,TATAGCGGTGA,[837],1,740656,2
bc0183,356,148,GCCGATGTTTG,[148],1,129332,2
bc0563,121,14,"GCTTGGGTGTN,GTTAGGATGCA","[7, 7]",2,8718,2
bc0166,686,202,GCTTGGGTGTA,[202],1,152538,2
bc0619,843,141,"CTTCTAGTTGA,GCTTGGGTGTA","[78, 63]",2,7207,2
bc0526,1074,254,"CTTCTAGTTGA,GCTTGGGTGTA","[142, 112]",2,9744,2
bc0717,504,90,"CTTCTAGTTGA,GCTTGGGTGTT","[56, 34]",2,4714,2
bc0267,187,78,GCCGATGTTTG,[78],1,30338,2
bc0218,381,160,CTTCTAGTTGA,[160],1,89574,2
bc0794,260,25,CTTCTAGTTGA,[25],1,3197,2
bc0729,238,6,"CTTCTAGTTGA,GCTTGGGTGTA","[2, 4]",2,4470,2
bc0625,274,89,"CTTCTAGTTGA,GCTTGGGTGTA","[46, 43]",2,7122,2
bc0415,1276,258,"CTTCTAGTTGA,GCTTGGGTGTA","[147, 111]",2,14459,2
bc0416,1193,190,"CTTCTAGTTGA,GCTTGGGTGTA","[102, 88]",2,14457,2
bc0802,70,45,CTTCTAGTTGA,[45],1,3025,2
bc0934,193,10,"GCTTGGGTGTN,GTTAGGATGCA","[5, 5]",2,2021,2
bc0430,741,146,"CTTCTAGTTGA,GCTTGGGTGTT","[75, 71]",2,13804,2
bc0411,885,161,"CTTCTAGTTGA,GCTTGGGTGTA","[95, 66]",2,14622,2
bc0062,1820,754,GTTAGGATGCA,[754],1,617869,2
bc0753,81,47,"CTTCTAGTTGA,GCTTGGGTGTA","[19, 28]",2,3813,2
bc0512,901,172,"CTTCTAGTTGA,GCTTGGGTGTA","[99, 73]",2,9964,2
bc0643,822,153,"CTTCTAGTTGA,GCTTGGGTGTT","[76, 77]",2,6449,2
bc0979,539,201,"CTTCTAGTTGA,GCTTGGGTGTA","[88, 113]",2,1819,2
bc0861,153,5,"ATGGTACATCT,CTTCTAGTTGA","[2, 3]",2,2395,2
bc0079,2176,691,GTTAGGATGCA,[691],1,529256,2
bc0044,2231,708,TGTAAGGAGTT,[708],1,708814,2
bc0841,235,3,GCTTGGGTGTN,[3],1,2590,2
bc0189,307,128,GCCGATGTTTG,[128],1,127281,2
bc0206,416,176,"CTTCTAGTTGA,GCTTGGGTGTA","[79, 97]",2,107416,2
bc0618,124,53,"CTTCTAGTTGA,GCTTGGGTGTN","[34, 19]",2,7346,2
bc0725,329,8,"CTTCTAGTTGA,GTTAGGATGCA","[4, 4]",2,4524,2
bc0361,1137,123,"CTTCTAGTTGA,GCTTGGGTGTT","[68, 55]",2,17353,2
bc0871,406,97,"CTTCTAGTTGA,GCTTGGGTGTA","[54, 43]",2,2328,2
bc0494,1091,210,"CTTCTAGTTGA,GCTTGGGTGTA","[127, 83]",2,10545,2
bc0363,944,179,"CTTCTAGTTGA,GCTTGGGTGTA","[105, 74]",2,17246,2
bc0603,2102,731,"CTTCTAGTTGA,GCTTGGGTGTA","[354, 377]",2,7749,2
bc0856,826,114,"CTTCTAGTTGA,GCTTGGGTGTN","[70, 44]",2,2431,2
bc0615,772,184,"CTTCTAGTTGA,GCTTGGGTGTA","[98, 86]",2,7425,2
bc0097,1389,536,"CTTCTAGTTGA,GCTTGGGTGTA","[250, 286]",2,436764,2
bc0447,1017,166,"CTTCTAGTTGA,GCTTGGGTGTA","[89, 77]",2,12705,2
bc0043,2420,982,"CTTCTAGTTGA,GCTTGGGTGTA","[564, 418]",2,710966,2
bc0081,2048,530,GCTTGGGTGTA,[530],1,522847,2
bc0761,1225,262,"CTTCTAGTTGA,GCTTGGGTGTA","[145, 117]",2,3643,2
bc0826,195,16,"CTTCTAGTTGA,GCTTGGGTGTA","[6, 10]",2,2720,2
bc0179,207,91,TTGGTACATCT,[91],1,133662,2
bc0697,617,246,"CTTCTAGTTGA,GCTTGGGTGTA","[125, 121]",2,5224,2
bc0527,635,9,GCTTGGGTGTA,[9],1,9657,2
bc0992,600,242,"CTTCTAGTTGA,GCTTGGGTGTA","[98, 144]",2,1777,2
bc0360,900,163,"CTTCTAGTTGA,GCTTGGGTGTT","[94, 69]",2,17424,2
bc0564,788,154,"CTTCTAGTTGA,GCTTGGGTGTT","[91, 63]",2,8683,2
bc0808,181,5,CTTCTAGTTGA,[5],1,2945,2
bc0654,171,15,"CTTCTAGTTGA,GCTTGGGTGTC","[8, 7]",2,6152,2
